Day,Date,Number,Price
0,2021-01-01,4.9373,69.66
1,2021-01-02,4.673,69.44
2,2021-01-03,2.1773,67.33
3,2021-01-04,3.9448,68.82
4,2021-01-05,4.544,69.33
5,2021-01-06,2.9196,67.96
6,2021-01-07,2.5579,67.65
7,2021-01-08,4.9159,69.64
8,2021-01-09,2.5938,67.68
9,2021-01-10,5.4784,70.11
10,2021-01-11,3.2319,68.22
11,2021-01-12,3.9955,68.87
12,2021-01-13,1.8703,67.08
13,2021-01-14,1.0541,66.39
14,2021-01-15,2.2715,67.41
15,2021-01-16,4.8694,69.6
16,2021-01-17,3.7136,68.63
17,2021-01-18,2.6302,67.72
18,2021-01-19,1.6952,66.93
19,2021-01-20,4.6917,69.45
20,2021-01-21,3.0124,68.04
21,2021-01-22,2.366,67.49
22,2021-01-23,3.5721,68.51
23,2021-01-24,1.7314,66.96
24,2021-01-25,1.4261,66.7
25,2021-01-26,3.7908,68.69
26,2021-01-27,0.8531,66.22
27,2021-01-28,4.9172,69.64
28,2021-01-29,1.6299,66.87
29,2021-01-30,4.4107,69.22
30,2021-01-31,1.8918,67.09
31,2021-02-01,3.3405,68.31
32,2021-02-02,2.9448,67.98
33,2021-02-03,3.1877,68.19
34,2021-02-04,3.3641,68.33
35,2021-02-05,3.6364,68.56
36,2021-02-06,3.4967,68.45
37,2021-02-07,3.1563,68.16
38,2021-02-08,3.4331,68.39
39,2021-02-09,1.1388,66.46
40,2021-02-10,1.0247,66.36
41,2021-02-11,0.7384,66.12
42,2021-02-12,2.0681,67.24
43,2021-02-13,5.06,69.76
44,2021-02-14,2.8297,67.88
45,2021-02-15,2.3521,67.48
46,2021-02-16,4.0242,68.89
47,2021-02-17,3.1987,68.19
48,2021-02-18,3.5763,68.51
49,2021-02-19,4.7415,69.49
50,2021-02-20,2.3012,67.44
51,2021-02-21,3.8049,68.71
52,2021-02-22,3.4192,68.38
53,2021-02-23,4.222,69.06
54,2021-02-24,2.3349,67.47
55,2021-02-25,2.3727,67.5
56,2021-02-26,3.6075,68.54
57,2021-02-27,3.2828,68.27
58,2021-02-28,3.5181,68.46
59,2021-03-01,2.7288,67.8
60,2021-03-02,4.5938,69.37
61,2021-03-03,3.0622,68.08
62,2021-03-04,3.4282,68.39
63,2021-03-05,4.1653,69.01
64,2021-03-06,5.2813,69.95
65,2021-03-07,4.3131,69.13
66,2021-03-08,3.0739,68.09
67,2021-03-09,1.1387,66.46
68,2021-03-10,2.4044,67.53
69,2021-03-11,2.5467,67.65
70,2021-03-12,2.3246,67.46
71,2021-03-13,3.822,68.72
72,2021-03-14,5.7116,70.31
73,2021-03-15,2.9123,67.95
74,2021-03-16,2.3667,67.49
75,2021-03-17,3.4103,68.37
76,2021-03-18,4.4832,69.28
77,2021-03-19,5.139,69.83
78,2021-03-20,3.6888,68.61
79,2021-03-21,3.5239,68.47
80,2021-03-22,1.7209,66.95
81,2021-03-23,3.2041,68.2
82,2021-03-24,2.2505,67.4
83,2021-03-25,3.3843,68.35
84,2021-03-26,2.286,67.43
85,2021-03-27,5.7487,70.34
86,2021-03-28,5.2151,69.89
87,2021-03-29,2.0163,67.2
88,2021-03-30,5.0553,69.76
89,2021-03-31,0.655,66.05
90,2021-04-01,3.4778,68.43
91,2021-04-02,5.1202,69.81
92,2021-04-03,7.2846,71.64
93,2021-04-04,5.607,70.22
94,2021-04-05,3.4359,68.39
95,2021-04-06,3.4847,68.44
96,2021-04-07,4.9932,69.71
97,2021-04-08,5.7007,70.3
98,2021-04-09,7.2921,71.64
99,2021-04-10,4.3689,69.18
100,2021-04-11,4.8279,69.57
101,2021-04-12,4.5059,69.3
102,2021-04-13,6.0842,70.63
103,2021-04-14,2.925,67.96
104,2021-04-15,6.3896,70.88
105,2021-04-16,7.2528,71.61
106,2021-04-17,5.4731,70.11
107,2021-04-18,4.2076,69.04
108,2021-04-19,4.1524,69.0
109,2021-04-20,4.3911,69.2
110,2021-04-21,4.7996,69.54
111,2021-04-22,4.9747,69.69
112,2021-04-23,5.7891,70.38
113,2021-04-24,5.8349,70.42
114,2021-04-25,6.2657,70.78
115,2021-04-26,4.4359,69.24
116,2021-04-27,3.1514,68.15
117,2021-04-28,2.7145,67.79
118,2021-04-29,3.8367,68.73
119,2021-04-30,6.0041,70.56
120,2021-05-01,4.1575,69.0
121,2021-05-02,5.753,70.35
122,2021-05-03,2.9731,68.0
123,2021-05-04,5.374,70.03
124,2021-05-05,2.2107,67.36
125,2021-05-06,4.0403,68.9
126,2021-05-07,3.5446,68.49
127,2021-05-08,4.194,69.03
128,2021-05-09,6.261,70.77
129,2021-05-10,5.7227,70.32
130,2021-05-11,2.007,67.19
131,2021-05-12,1.6252,66.87
132,2021-05-13,3.2969,68.28
133,2021-05-14,5.1857,69.87
134,2021-05-15,5.9412,70.5
135,2021-05-16,3.9201,68.8
136,2021-05-17,5.4741,70.11
137,2021-05-18,5.8129,70.4
138,2021-05-19,2.8286,67.88
139,2021-05-20,4.164,69.01
140,2021-05-21,6.0459,70.59
141,2021-05-22,5.7363,70.33
142,2021-05-23,3.3957,68.36
143,2021-05-24,2.2669,67.41
144,2021-05-25,4.6657,69.43
145,2021-05-26,3.2816,68.26
146,2021-05-27,2.9734,68.0
147,2021-05-28,4.9445,69.67
148,2021-05-29,6.2629,70.78
149,2021-05-30,6.4576,70.94
150,2021-05-31,4.7999,69.54
151,2021-06-01,2.1401,67.3
152,2021-06-02,2.34,67.47
153,2021-06-03,4.2452,69.08
154,2021-06-04,5.0733,69.77
155,2021-06-05,6.6556,71.11
156,2021-06-06,3.8041,68.7
157,2021-06-07,4.8835,69.61
158,2021-06-08,3.4456,68.4
159,2021-06-09,4.2055,69.04
160,2021-06-10,4.9247,69.65
161,2021-06-11,5.4531,70.09
162,2021-06-12,4.8848,69.61
163,2021-06-13,3.4418,68.4
164,2021-06-14,3.9083,68.79
165,2021-06-15,3.5719,68.51
166,2021-06-16,3.0498,68.07
167,2021-06-17,3.4328,68.39
168,2021-06-18,5.8126,70.4
169,2021-06-19,6.8315,71.25
170,2021-06-20,4.9692,69.69
171,2021-06-21,4.6364,69.41
172,2021-06-22,3.7562,68.66
173,2021-06-23,6.0766,70.62
174,2021-06-24,5.4109,70.06
175,2021-06-25,7.0154,71.41
176,2021-06-26,6.0352,70.58
177,2021-06-27,8.4179,72.59
178,2021-06-28,5.3365,70.0
179,2021-06-29,2.6025,67.69
180,2021-06-30,4.9323,69.65
181,2021-07-01,3.4335,68.39
182,2021-07-02,8.933,73.02
183,2021-07-03,8.7712,72.89
184,2021-07-04,6.4445,70.93
185,2021-07-05,7.347,71.69
186,2021-07-06,6.3179,70.82
187,2021-07-07,5.5095,70.14
188,2021-07-08,7.6174,71.92
189,2021-07-09,6.5157,70.99
190,2021-07-10,7.6421,71.94
191,2021-07-11,7.715,72.0
192,2021-07-12,8.3071,72.5
193,2021-07-13,6.314,70.82
194,2021-07-14,4.4918,69.28
195,2021-07-15,5.6671,70.27
196,2021-07-16,9.6918,73.66
197,2021-07-17,9.5745,73.57
198,2021-07-18,9.0837,73.15
199,2021-07-19,8.938,73.03
200,2021-07-20,6.6585,71.11
201,2021-07-21,6.9747,71.38
202,2021-07-22,7.6946,71.98
203,2021-07-23,10.7723,74.57
204,2021-07-24,10.8495,74.64
205,2021-07-25,8.7797,72.9
206,2021-07-26,10.1077,74.01
207,2021-07-27,6.5901,71.05
208,2021-07-28,7.7589,72.04
209,2021-07-29,9.3068,73.34
210,2021-07-30,11.4391,75.14
211,2021-07-31,9.3986,73.42
212,2021-08-01,12.9688,76.42
213,2021-08-02,11.4836,75.17
214,2021-08-03,6.7925,71.22
215,2021-08-04,8.1767,72.39
216,2021-08-05,8.3825,72.56
217,2021-08-06,13.4163,76.8
218,2021-08-07,11.8404,75.47
219,2021-08-08,12.2439,75.81
220,2021-08-09,12.269,75.84
221,2021-08-10,9.7948,73.75
222,2021-08-11,7.9936,72.23
223,2021-08-12,9.5775,73.57
224,2021-08-13,13.1856,76.61
225,2021-08-14,13.9546,77.25
226,2021-08-15,11.8752,75.5
227,2021-08-16,11.6038,75.27
228,2021-08-17,9.0128,73.09
229,2021-08-18,7.7417,72.02
230,2021-08-19,10.7663,74.57
231,2021-08-20,10.5442,74.38
232,2021-08-21,13.0971,76.53
233,2021-08-22,11.3022,75.02
234,2021-08-23,11.5466,75.23
235,2021-08-24,8.7039,72.83
236,2021-08-25,6.1576,70.69
237,2021-08-26,10.029,73.95
238,2021-08-27,10.711,74.52
239,2021-08-28,10.2411,74.13
240,2021-08-29,12.0271,75.63
241,2021-08-30,10.1637,74.06
242,2021-08-31,6.3695,70.87
243,2021-09-01,7.2386,71.6
244,2021-09-02,6.9178,71.33
245,2021-09-03,11.598,75.27
246,2021-09-04,8.3982,72.57
247,2021-09-05,8.7786,72.89
248,2021-09-06,7.2409,71.6
249,2021-09-07,4.2049,69.04
250,2021-09-08,6.9347,71.34
251,2021-09-09,5.448,70.09
252,2021-09-10,6.5846,71.05
253,2021-09-11,8.9641,73.05
254,2021-09-12,7.2238,71.59
255,2021-09-13,7.4273,71.76
256,2021-09-14,7.028,71.42
257,2021-09-15,7.4273,71.76
258,2021-09-16,4.9201,69.64
259,2021-09-17,7.6603,71.95
260,2021-09-18,9.577,73.57
261,2021-09-19,7.1336,71.51
262,2021-09-20,7.036,71.43
263,2021-09-21,6.7442,71.18
264,2021-09-22,6.9447,71.35
265,2021-09-23,3.5885,68.52
266,2021-09-24,8.1769,72.39
267,2021-09-25,6.1702,70.7
268,2021-09-26,8.4668,72.63
269,2021-09-27,6.1476,70.68
270,2021-09-28,3.1343,68.14
271,2021-09-29,5.5199,70.15
272,2021-09-30,6.5466,71.01
273,2021-10-01,8.8611,72.96
274,2021-10-02,5.9935,70.55
275,2021-10-03,7.8455,72.11
276,2021-10-04,5.7031,70.3
277,2021-10-05,6.4813,70.96
278,2021-10-06,4.0319,68.9
279,2021-10-07,6.414,70.9
280,2021-10-08,8.4883,72.65
281,2021-10-09,5.3207,69.98
282,2021-10-10,6.74,71.18
283,2021-10-11,6.2905,70.8
284,2021-10-12,5.5996,70.22
285,2021-10-13,3.038,68.06
286,2021-10-14,6.4264,70.91
287,2021-10-15,7.5778,71.88
288,2021-10-16,7.9293,72.18
289,2021-10-17,4.8856,69.62
290,2021-10-18,6.482,70.96
291,2021-10-19,5.4703,70.11
292,2021-10-20,5.9117,70.48
293,2021-10-21,6.638,71.09
294,2021-10-22,8.1463,72.36
295,2021-10-23,9.4981,73.5
296,2021-10-24,6.8612,71.28
297,2021-10-25,6.803,71.23
298,2021-10-26,5.0776,69.78
299,2021-10-27,6.6885,71.13
300,2021-10-28,7.373,71.71
301,2021-10-29,8.349,72.53
302,2021-10-30,7.9795,72.22
303,2021-10-31,9.689,73.66
304,2021-11-01,5.7493,70.34
305,2021-11-02,4.4831,69.28
306,2021-11-03,4.9838,69.7
307,2021-11-04,5.2312,69.91
308,2021-11-05,7.1706,71.54
309,2021-11-06,10.0055,73.93
310,2021-11-07,7.836,72.1
311,2021-11-08,6.8225,71.25
312,2021-11-09,5.1927,69.87
313,2021-11-10,5.1944,69.88
314,2021-11-11,6.2962,70.8
315,2021-11-12,7.0916,71.47
316,2021-11-13,9.0428,73.12
317,2021-11-14,7.9164,72.17
318,2021-11-15,6.3163,70.82
319,2021-11-16,4.7669,69.52
320,2021-11-17,6.342,70.84
321,2021-11-18,5.8376,70.42
322,2021-11-19,5.9586,70.52
323,2021-11-20,7.8609,72.12
324,2021-11-21,7.3512,71.69
325,2021-11-22,7.473,71.8
326,2021-11-23,4.5088,69.3
327,2021-11-24,4.1206,68.97
328,2021-11-25,4.4397,69.24
329,2021-11-26,9.1868,73.24
330,2021-11-27,8.594,72.74
331,2021-11-28,7.0921,71.47
332,2021-11-29,5.964,70.52
333,2021-11-30,5.3428,70.0
334,2021-12-01,6.0502,70.6
335,2021-12-02,5.7265,70.32
336,2021-12-03,6.5076,70.98
337,2021-12-04,8.0507,72.28
338,2021-12-05,7.1311,71.51
339,2021-12-06,5.6139,70.23
340,2021-12-07,4.7822,69.53
341,2021-12-08,4.5203,69.31
342,2021-12-09,4.9786,69.69
343,2021-12-10,8.3932,72.57
344,2021-12-11,8.2754,72.47
345,2021-12-12,8.1832,72.39
346,2021-12-13,5.2353,69.91
347,2021-12-14,4.4839,69.28
348,2021-12-15,5.3471,70.0
349,2021-12-16,5.058,69.76
350,2021-12-17,10.1302,74.03
351,2021-12-18,6.8285,71.25
352,2021-12-19,7.6453,71.94
353,2021-12-20,7.2626,71.62
354,2021-12-21,4.8254,69.56
355,2021-12-22,8.5809,72.73
356,2021-12-23,7.5769,71.88
357,2021-12-24,10.0282,73.95
358,2021-12-25,9.7074,73.68
359,2021-12-26,9.751,73.71
360,2021-12-27,8.9074,73.0
361,2021-12-28,9.0711,73.14
362,2021-12-29,8.6694,72.8
363,2021-12-30,10.6734,74.49
364,2021-12-31,9.9207,73.86
365,2022-01-01,14.7354,77.91
366,2022-01-02,12.7817,76.27
367,2022-01-03,8.6927,72.82
368,2022-01-04,7.4496,71.78
369,2022-01-05,8.4356,72.61
370,2022-01-06,10.5722,74.41
371,2022-01-07,12.0399,75.64
372,2022-01-08,13.1351,76.56
373,2022-01-09,12.0887,75.68
374,2022-01-10,9.8484,73.8
375,2022-01-11,7.1076,71.49
376,2022-01-12,7.8695,72.13
377,2022-01-13,9.6765,73.65
378,2022-01-14,9.5606,73.55
379,2022-01-15,11.9748,75.59
380,2022-01-16,8.0043,72.24
381,2022-01-17,5.7718,70.36
382,2022-01-18,5.6409,70.25
383,2022-01-19,4.5339,69.32
384,2022-01-20,7.6692,71.96
385,2022-01-21,8.0104,72.25
386,2022-01-22,9.3072,73.34
387,2022-01-23,8.2227,72.43
388,2022-01-24,7.2027,71.57
389,2022-01-25,5.5749,70.2
390,2022-01-26,5.6178,70.23
391,2022-01-27,7.1497,71.52
392,2022-01-28,8.1654,72.38
393,2022-01-29,10.4079,74.27
394,2022-01-30,7.2865,71.64
395,2022-01-31,8.2479,72.45
396,2022-02-01,6.0858,70.63
397,2022-02-02,7.4695,71.79
398,2022-02-03,6.8322,71.26
399,2022-02-04,8.9602,73.05
400,2022-02-05,10.4462,74.3
401,2022-02-06,9.518,73.52
402,2022-02-07,7.1009,71.48
403,2022-02-08,6.8531,71.27
404,2022-02-09,7.1493,71.52
405,2022-02-10,7.2732,71.63
406,2022-02-11,9.706,73.68
407,2022-02-12,9.4271,73.44
408,2022-02-13,7.9585,72.2
409,2022-02-14,9.1166,73.18
410,2022-02-15,6.1504,70.68
411,2022-02-16,6.0008,70.55
412,2022-02-17,8.5789,72.73
413,2022-02-18,9.2544,73.3
414,2022-02-19,9.3919,73.41
415,2022-02-20,8.3171,72.51
416,2022-02-21,7.282,71.63
417,2022-02-22,6.5597,71.03
418,2022-02-23,5.9283,70.49
419,2022-02-24,7.0382,71.43
420,2022-02-25,8.0026,72.24
421,2022-02-26,9.2928,73.33
422,2022-02-27,7.9135,72.17
423,2022-02-28,6.1905,70.71
424,2022-03-01,5.0177,69.73
425,2022-03-02,4.725,69.48
426,2022-03-03,9.9204,73.86
427,2022-03-04,8.5834,72.73
428,2022-03-05,9.5115,73.51
429,2022-03-06,7.9695,72.21
430,2022-03-07,9.2208,73.27
431,2022-03-08,7.3421,71.68
432,2022-03-09,6.6249,71.08
433,2022-03-10,7.5708,71.88
434,2022-03-11,9.7389,73.7
435,2022-03-12,9.5326,73.53
436,2022-03-13,10.2355,74.12
437,2022-03-14,7.5095,71.83
438,2022-03-15,8.0334,72.27
439,2022-03-16,8.1898,72.4
440,2022-03-17,8.6768,72.81
441,2022-03-18,9.0063,73.09
442,2022-03-19,9.5307,73.53
443,2022-03-20,8.973,73.06
444,2022-03-21,7.7037,71.99
445,2022-03-22,6.2387,70.76
446,2022-03-23,7.5391,71.85
447,2022-03-24,6.1403,70.67
448,2022-03-25,9.6744,73.65
449,2022-03-26,9.9317,73.87
450,2022-03-27,7.1528,71.53
451,2022-03-28,9.5943,73.58
452,2022-03-29,5.7046,70.31
453,2022-03-30,7.5591,71.87
454,2022-03-31,7.8485,72.11
455,2022-04-01,9.5719,73.56
456,2022-04-02,11.7726,75.42
457,2022-04-03,11.7271,75.38
458,2022-04-04,10.4181,74.28
459,2022-04-05,6.1578,70.69
460,2022-04-06,9.0101,73.09
461,2022-04-07,6.2432,70.76
462,2022-04-08,13.2301,76.64
463,2022-04-09,13.0158,76.46
464,2022-04-10,11.4609,75.15
465,2022-04-11,9.0589,73.13
466,2022-04-12,10.7454,74.55
467,2022-04-13,10.4871,74.33
468,2022-04-14,10.4697,74.32
469,2022-04-15,11.8399,75.47
470,2022-04-16,13.905,77.21
471,2022-04-17,11.13,74.88
472,2022-04-18,9.6676,73.64
473,2022-04-19,10.1042,74.01
474,2022-04-20,8.6417,72.78
475,2022-04-21,10.5272,74.37
476,2022-04-22,12.1587,75.74
477,2022-04-23,9.9283,73.86
478,2022-04-24,11.0584,74.82
479,2022-04-25,9.6978,73.67
480,2022-04-26,7.5364,71.85
481,2022-04-27,6.8029,71.23
482,2022-04-28,8.6319,72.77
483,2022-04-29,8.9279,73.02
484,2022-04-30,10.3409,74.21
485,2022-05-01,7.6056,71.91
486,2022-05-02,8.7703,72.89
487,2022-05-03,6.4917,70.97
488,2022-05-04,6.2453,70.76
489,2022-05-05,8.7864,72.9
490,2022-05-06,11.3696,75.08
491,2022-05-07,7.6087,71.91
492,2022-05-08,10.1467,74.05
493,2022-05-09,6.8977,71.31
494,2022-05-10,4.2379,69.07
495,2022-05-11,9.0437,73.12
496,2022-05-12,7.1841,71.55
497,2022-05-13,9.7313,73.7
498,2022-05-14,11.6059,75.28
499,2022-05-15,9.6852,73.66
500,2022-05-16,8.1522,72.37
501,2022-05-17,5.8627,70.44
502,2022-05-18,8.0426,72.27
503,2022-05-19,8.5724,72.72
504,2022-05-20,7.9693,72.21
505,2022-05-21,10.4042,74.26
506,2022-05-22,7.19,71.56
507,2022-05-23,8.2611,72.46
508,2022-05-24,7.7458,72.02
509,2022-05-25,7.547,71.86
510,2022-05-26,8.5749,72.72
511,2022-05-27,9.3113,73.34
512,2022-05-28,11.2087,74.94
513,2022-05-29,9.1681,73.22
514,2022-05-30,7.5758,71.88
515,2022-05-31,7.679,71.97
516,2022-06-01,5.0146,69.72
517,2022-06-02,9.343,73.37
518,2022-06-03,9.2145,73.26
519,2022-06-04,9.4858,73.49
520,2022-06-05,8.1675,72.38
521,2022-06-06,9.5229,73.52
522,2022-06-07,5.0939,69.79
523,2022-06-08,6.4594,70.94
524,2022-06-09,9.1567,73.21
525,2022-06-10,8.6248,72.77
526,2022-06-11,11.3654,75.07
527,2022-06-12,9.9039,73.84
528,2022-06-13,6.9199,71.33
529,2022-06-14,7.4241,71.75
530,2022-06-15,7.6566,71.95
531,2022-06-16,8.4752,72.64
532,2022-06-17,8.6706,72.8
533,2022-06-18,11.0686,74.82
534,2022-06-19,11.0825,74.84
535,2022-06-20,9.3324,73.36
536,2022-06-21,8.4384,72.61
537,2022-06-22,9.8826,73.82
538,2022-06-23,8.4718,72.64
539,2022-06-24,11.5754,75.25
540,2022-06-25,11.1186,74.87
541,2022-06-26,10.4215,74.28
542,2022-06-27,8.6097,72.75
543,2022-06-28,6.6528,71.1
544,2022-06-29,5.8313,70.41
545,2022-06-30,9.493,73.5
546,2022-07-01,12.7114,76.21
547,2022-07-02,11.1042,74.85
548,2022-07-03,12.5968,76.11
549,2022-07-04,8.9906,73.07
550,2022-07-05,8.8935,72.99
551,2022-07-06,11.0531,74.81
552,2022-07-07,7.8853,72.14
553,2022-07-08,12.7422,76.23
554,2022-07-09,11.0195,74.78
555,2022-07-10,14.3036,77.55
556,2022-07-11,11.0422,74.8
557,2022-07-12,9.8477,73.8
558,2022-07-13,10.9852,74.75
559,2022-07-14,12.132,75.72
560,2022-07-15,12.5497,76.07
561,2022-07-16,14.5469,77.75
562,2022-07-17,14.8438,78.0
563,2022-07-18,13.7829,77.11
564,2022-07-19,13.0003,76.45
565,2022-07-20,12.0081,75.62
566,2022-07-21,13.6916,77.03
567,2022-07-22,17.7366,80.44
568,2022-07-23,17.6982,80.41
569,2022-07-24,16.3155,79.24
570,2022-07-25,13.5757,76.94
571,2022-07-26,13.4845,76.86
572,2022-07-27,14.4431,77.67
573,2022-07-28,16.5552,79.45
574,2022-07-29,16.9324,79.76
575,2022-07-30,18.9051,81.43
576,2022-07-31,18.092,80.74
577,2022-08-01,17.2697,80.05
578,2022-08-02,12.738,76.23
579,2022-08-03,14.8312,77.99
580,2022-08-04,16.3437,79.27
581,2022-08-05,19.9156,82.28
582,2022-08-06,19.4769,81.91
583,2022-08-07,18.3117,80.93
584,2022-08-08,15.3953,78.47
585,2022-08-09,13.0384,76.48
586,2022-08-10,14.0285,77.32
587,2022-08-11,16.9907,79.81
588,2022-08-12,19.4381,81.87
589,2022-08-13,20.8772,83.09
590,2022-08-14,21.5727,83.67
591,2022-08-15,16.1575,79.11
592,2022-08-16,14.5188,77.73
593,2022-08-17,14.1714,77.44
594,2022-08-18,17.448,80.2
595,2022-08-19,19.5205,81.94
596,2022-08-20,21.1705,83.33
597,2022-08-21,17.0933,79.9
598,2022-08-22,16.4183,79.33
599,2022-08-23,11.9616,75.58
600,2022-08-24,11.9381,75.56
601,2022-08-25,16.4311,79.34
602,2022-08-26,15.6828,78.71
603,2022-08-27,19.408,81.85
604,2022-08-28,16.7833,79.64
605,2022-08-29,14.6631,77.85
606,2022-08-30,11.6778,75.34
607,2022-08-31,11.462,75.16
608,2022-09-01,13.2136,76.63
609,2022-09-02,15.1392,78.25
610,2022-09-03,15.8501,78.85
611,2022-09-04,13.0798,76.52
612,2022-09-05,11.5576,75.24
613,2022-09-06,10.0159,73.94
614,2022-09-07,9.4533,73.46
615,2022-09-08,10.6098,74.44
616,2022-09-09,11.6179,75.29
617,2022-09-10,16.3269,79.25
618,2022-09-11,9.8197,73.77
619,2022-09-12,10.5885,74.42
620,2022-09-13,9.3383,73.37
621,2022-09-14,7.6839,71.97
622,2022-09-15,10.0004,73.92
623,2022-09-16,12.8424,76.32
624,2022-09-17,10.5974,74.43
625,2022-09-18,10.4213,74.28
626,2022-09-19,10.0176,73.94
627,2022-09-20,8.7828,72.9
628,2022-09-21,9.2238,73.27
629,2022-09-22,9.3998,73.42
630,2022-09-23,10.1589,74.06
631,2022-09-24,10.6329,74.46
632,2022-09-25,12.0549,75.65
633,2022-09-26,9.6597,73.64
634,2022-09-27,6.7674,71.2
635,2022-09-28,6.7436,71.18
636,2022-09-29,8.4623,72.63
637,2022-09-30,11.6178,75.29
638,2022-10-01,10.0852,74.0
639,2022-10-02,9.7996,73.75
640,2022-10-03,12.4758,76.01
641,2022-10-04,6.1483,70.68
642,2022-10-05,6.6106,71.07
643,2022-10-06,8.7783,72.89
644,2022-10-07,9.1678,73.22
645,2022-10-08,11.7525,75.4
646,2022-10-09,9.2123,73.26
647,2022-10-10,10.1741,74.07
648,2022-10-11,4.6002,69.38
649,2022-10-12,8.526,72.68
650,2022-10-13,7.6525,71.95
651,2022-10-14,9.5572,73.55
652,2022-10-15,11.2156,74.95
653,2022-10-16,10.0635,73.98
654,2022-10-17,6.7816,71.21
655,2022-10-18,7.2439,71.6
656,2022-10-19,7.2912,71.64
657,2022-10-20,9.2026,73.25
658,2022-10-21,10.515,74.36
659,2022-10-22,11.321,75.04
660,2022-10-23,10.13,74.03
661,2022-10-24,7.6971,71.98
662,2022-10-25,6.6764,71.12
663,2022-10-26,5.5983,70.22
664,2022-10-27,8.7231,72.85
665,2022-10-28,10.7617,74.57
666,2022-10-29,9.1612,73.22
667,2022-10-30,9.8828,73.82
668,2022-10-31,8.4243,72.6
669,2022-11-01,9.0942,73.16
670,2022-11-02,8.8555,72.96
671,2022-11-03,8.499,72.66
672,2022-11-04,11.135,74.88
673,2022-11-05,11.9854,75.6
674,2022-11-06,11.0475,74.81
675,2022-11-07,10.3317,74.2
676,2022-11-08,7.0608,71.45
677,2022-11-09,5.2571,69.93
678,2022-11-10,9.3325,73.36
679,2022-11-11,9.9212,73.86
680,2022-11-12,10.2162,74.11
681,2022-11-13,12.7257,76.22
682,2022-11-14,8.9082,73.0
683,2022-11-15,7.8846,72.14
684,2022-11-16,9.5951,73.58
685,2022-11-17,10.4397,74.29
686,2022-11-18,10.9925,74.76
687,2022-11-19,10.6016,74.43
688,2022-11-20,9.5398,73.54
689,2022-11-21,11.278,75.0
690,2022-11-22,8.4474,72.62
691,2022-11-23,6.563,71.03
692,2022-11-24,6.1906,70.71
693,2022-11-25,11.1094,74.86
694,2022-11-26,8.6778,72.81
695,2022-11-27,10.234,74.12
696,2022-11-28,7.5424,71.85
697,2022-11-29,6.8249,71.25
698,2022-11-30,6.5759,71.04
699,2022-12-01,9.063,73.13
700,2022-12-02,9.0889,73.16
701,2022-12-03,10.5461,74.38
702,2022-12-04,9.8152,73.77
703,2022-12-05,10.1634,74.06
704,2022-12-06,7.0785,71.46
705,2022-12-07,6.564,71.03
706,2022-12-08,7.4713,71.79
707,2022-12-09,11.4492,75.14
708,2022-12-10,8.7198,72.85
709,2022-12-11,10.4981,74.34
710,2022-12-12,8.4653,72.63
711,2022-12-13,6.5788,71.04
712,2022-12-14,7.6265,71.92
713,2022-12-15,10.1951,74.09
714,2022-12-16,11.8375,75.47
715,2022-12-17,10.8853,74.67
716,2022-12-18,11.2003,74.93
717,2022-12-19,9.8223,73.77
718,2022-12-20,10.8204,74.61
719,2022-12-21,9.139,73.2
720,2022-12-22,8.2934,72.49
721,2022-12-23,11.5649,75.24
722,2022-12-24,14.1362,77.41
723,2022-12-25,11.3749,75.08
724,2022-12-26,10.6876,74.5
725,2022-12-27,9.4869,73.49
726,2022-12-28,8.9301,73.02
727,2022-12-29,12.3664,75.92
728,2022-12-30,14.7987,77.97
729,2022-12-31,16.4286,79.34
730,2023-01-01,16.961,79.79
731,2023-01-02,14.5919,77.79
732,2023-01-03,12.3967,75.94
733,2023-01-04,12.1626,75.75
734,2023-01-05,15.6329,78.67
735,2023-01-06,14.8002,77.97
736,2023-01-07,17.3638,80.13
737,2023-01-08,15.6438,78.68
738,2023-01-09,12.401,75.95
739,2023-01-10,9.7136,73.68
740,2023-01-11,7.8647,72.13
741,2023-01-12,9.5354,73.53
742,2023-01-13,12.6768,76.18
743,2023-01-14,12.3185,75.88
744,2023-01-15,12.9928,76.44
745,2023-01-16,9.5542,73.55
746,2023-01-17,9.5396,73.54
747,2023-01-18,8.3092,72.5
748,2023-01-19,10.4144,74.27
749,2023-01-20,12.5977,76.11
750,2023-01-21,11.2639,74.99
751,2023-01-22,8.8464,72.95
752,2023-01-23,7.9845,72.23
753,2023-01-24,8.1345,72.35
754,2023-01-25,7.7611,72.04
755,2023-01-26,11.2277,74.96
756,2023-01-27,10.5544,74.39
757,2023-01-28,12.9405,76.4
758,2023-01-29,9.3,73.33
759,2023-01-30,10.1333,74.04
760,2023-01-31,8.9592,73.05
761,2023-02-01,7.2945,71.64
762,2023-02-02,11.1785,74.92
763,2023-02-03,9.7344,73.7
764,2023-02-04,11.4093,75.11
765,2023-02-05,10.1749,74.07
766,2023-02-06,10.0894,74.0
767,2023-02-07,8.8057,72.92
768,2023-02-08,8.7838,72.9
769,2023-02-09,11.2516,74.98
770,2023-02-10,9.9424,73.88
771,2023-02-11,10.5461,74.38
772,2023-02-12,10.058,73.97
773,2023-02-13,9.5462,73.54
774,2023-02-14,7.9399,72.19
775,2023-02-15,7.7733,72.05
776,2023-02-16,9.0511,73.12
777,2023-02-17,10.2087,74.1
778,2023-02-18,11.4157,75.12
779,2023-02-19,10.0576,73.97
780,2023-02-20,7.5744,71.88
781,2023-02-21,7.193,71.56
782,2023-02-22,6.8653,71.28
783,2023-02-23,7.9567,72.2
784,2023-02-24,9.1118,73.18
785,2023-02-25,10.7878,74.59
786,2023-02-26,11.8681,75.5
787,2023-02-27,9.0145,73.09
788,2023-02-28,7.1505,71.52
789,2023-03-01,10.1786,74.07
790,2023-03-02,10.5071,74.35
791,2023-03-03,12.579,76.1
792,2023-03-04,12.4035,75.95
793,2023-03-05,8.3569,72.54
794,2023-03-06,9.9376,73.87
795,2023-03-07,9.325,73.36
796,2023-03-08,6.1727,70.7
797,2023-03-09,8.4427,72.61
798,2023-03-10,9.7075,73.68
799,2023-03-11,10.6239,74.45
800,2023-03-12,9.4279,73.44
801,2023-03-13,9.09,73.16
802,2023-03-14,6.9703,71.37
803,2023-03-15,8.7889,72.9
804,2023-03-16,8.5776,72.73
805,2023-03-17,12.9894,76.44
806,2023-03-18,9.8928,73.83
807,2023-03-19,13.1703,76.59
808,2023-03-20,7.8957,72.15
809,2023-03-21,7.5629,71.87
810,2023-03-22,9.8645,73.81
811,2023-03-23,11.5089,75.19
812,2023-03-24,10.4309,74.29
813,2023-03-25,14.1285,77.4
814,2023-03-26,12.686,76.19
815,2023-03-27,11.56,75.24
816,2023-03-28,8.4713,72.64
817,2023-03-29,10.588,74.42
818,2023-03-30,12.4594,76.0
819,2023-03-31,13.8967,77.21
820,2023-04-01,16.1255,79.08
821,2023-04-02,13.7155,77.05
822,2023-04-03,14.3298,77.57
823,2023-04-04,14.0535,77.34
824,2023-04-05,11.7003,75.36
825,2023-04-06,13.2499,76.66
826,2023-04-07,13.7947,77.12
827,2023-04-08,16.9981,79.82
828,2023-04-09,18.0681,80.72
829,2023-04-10,13.111,76.54
830,2023-04-11,10.3383,74.21
831,2023-04-12,9.8992,73.84
832,2023-04-13,12.3652,75.92
833,2023-04-14,14.2415,77.5
834,2023-04-15,14.9229,78.07
835,2023-04-16,13.7079,77.05
836,2023-04-17,9.7996,73.75
837,2023-04-18,10.4155,74.27
838,2023-04-19,8.1626,72.38
839,2023-04-20,8.7394,72.86
840,2023-04-21,10.5513,74.39
841,2023-04-22,10.8171,74.61
842,2023-04-23,11.4641,75.16
843,2023-04-24,9.0316,73.11
844,2023-04-25,6.3794,70.87
845,2023-04-26,9.657,73.63
846,2023-04-27,9.5491,73.54
847,2023-04-28,9.3116,73.34
848,2023-04-29,11.0988,74.85
849,2023-04-30,11.4876,75.18
850,2023-05-01,9.67,73.65
851,2023-05-02,6.6021,71.06
852,2023-05-03,6.0296,70.58
853,2023-05-04,10.3672,74.23
854,2023-05-05,13.4496,76.83
855,2023-05-06,12.0762,75.67
856,2023-05-07,9.015,73.09
857,2023-05-08,8.6143,72.76
858,2023-05-09,7.1778,71.55
859,2023-05-10,6.9274,71.34
860,2023-05-11,9.4648,73.47
861,2023-05-12,11.192,74.93
862,2023-05-13,12.2743,75.84
863,2023-05-14,11.1835,74.92
864,2023-05-15,10.5454,74.38
865,2023-05-16,10.0791,73.99
866,2023-05-17,7.0454,71.43
867,2023-05-18,10.3682,74.23
868,2023-05-19,9.3574,73.38
869,2023-05-20,11.4225,75.12
870,2023-05-21,12.4202,75.96
871,2023-05-22,9.7783,73.74
872,2023-05-23,7.4838,71.8
873,2023-05-24,7.0938,71.48
874,2023-05-25,9.2675,73.31
875,2023-05-26,10.6033,74.43
876,2023-05-27,12.4001,75.95
877,2023-05-28,9.9799,73.91
878,2023-05-29,8.6551,72.79
879,2023-05-30,8.1068,72.33
880,2023-05-31,6.0344,70.58
881,2023-06-01,9.6999,73.67
882,2023-06-02,11.801,75.44
883,2023-06-03,7.4492,71.77
884,2023-06-04,11.6767,75.34
885,2023-06-05,10.8857,74.67
886,2023-06-06,6.7164,71.16
887,2023-06-07,6.0318,70.58
888,2023-06-08,7.5371,71.85
889,2023-06-09,10.9762,74.75
890,2023-06-10,12.9563,76.41
891,2023-06-11,9.9044,73.84
892,2023-06-12,8.0217,72.26
893,2023-06-13,8.3757,72.56
894,2023-06-14,8.5518,72.7
895,2023-06-15,10.1385,74.04
896,2023-06-16,9.5575,73.55
897,2023-06-17,13.9328,77.24
898,2023-06-18,12.2125,75.79
899,2023-06-19,9.9231,73.86
900,2023-06-20,10.0908,74.0
901,2023-06-21,6.6947,71.14
902,2023-06-22,7.9743,72.22
903,2023-06-23,11.6009,75.27
904,2023-06-24,12.3321,75.89
905,2023-06-25,13.2478,76.66
906,2023-06-26,8.9061,73.0
907,2023-06-27,8.8989,73.0
908,2023-06-28,11.7666,75.41
909,2023-06-29,11.3838,75.09
910,2023-06-30,12.7187,76.21
911,2023-07-01,13.5502,76.91
912,2023-07-02,11.6067,75.28
913,2023-07-03,11.5214,75.21
914,2023-07-04,11.5689,75.25
915,2023-07-05,10.0734,73.99
916,2023-07-06,11.6926,75.35
917,2023-07-07,14.4591,77.68
918,2023-07-08,13.4245,76.81
919,2023-07-09,16.8664,79.71
920,2023-07-10,11.2923,75.01
921,2023-07-11,10.0328,73.95
922,2023-07-12,11.0101,74.77
923,2023-07-13,13.4062,76.79
924,2023-07-14,12.8554,76.33
925,2023-07-15,17.3277,80.1
926,2023-07-16,15.4473,78.51
927,2023-07-17,14.4259,77.65
928,2023-07-18,14.0293,77.32
929,2023-07-19,12.1548,75.74
930,2023-07-20,15.8875,78.88
931,2023-07-21,18.4789,81.07
932,2023-07-22,19.9044,82.27
933,2023-07-23,19.6247,82.03
934,2023-07-24,16.4724,79.38
935,2023-07-25,13.9704,77.27
936,2023-07-26,14.0675,77.35
937,2023-07-27,16.489,79.39
938,2023-07-28,22.7802,84.69
939,2023-07-29,21.071,83.25
940,2023-07-30,21.7653,83.83
941,2023-07-31,17.4283,80.18
942,2023-08-01,15.426,78.49
943,2023-08-02,15.4735,78.53
944,2023-08-03,18.3333,80.94
945,2023-08-04,21.6314,83.72
946,2023-08-05,20.4993,82.77
947,2023-08-06,23.0035,84.88
948,2023-08-07,17.9937,80.66
949,2023-08-08,15.2847,78.38
950,2023-08-09,14.3981,77.63
951,2023-08-10,17.4557,80.2
952,2023-08-11,21.4721,83.59
953,2023-08-12,22.1132,84.13
954,2023-08-13,22.7885,84.7
955,2023-08-14,19.6596,82.06
956,2023-08-15,15.0965,78.22
957,2023-08-16,14.2436,77.5
958,2023-08-17,17.6375,80.36
959,2023-08-18,20.56,82.82
960,2023-08-19,21.093,83.27
961,2023-08-20,19.4309,81.87
962,2023-08-21,16.2958,79.23
963,2023-08-22,14.5903,77.79
964,2023-08-23,13.6344,76.99
965,2023-08-24,13.9691,77.27
966,2023-08-25,19.2369,81.7
967,2023-08-26,19.5779,81.99
968,2023-08-27,18.1069,80.75
969,2023-08-28,16.1444,79.1
970,2023-08-29,11.4602,75.15
971,2023-08-30,12.0229,75.63
972,2023-08-31,14.9062,78.06
973,2023-09-01,17.0404,79.85
974,2023-09-02,17.2333,80.02
975,2023-09-03,16.5968,79.48
976,2023-09-04,15.9,78.89
977,2023-09-05,10.6781,74.49
978,2023-09-06,12.5485,76.07
979,2023-09-07,12.1378,75.72
980,2023-09-08,14.3189,77.56
981,2023-09-09,13.3864,76.78
982,2023-09-10,13.0325,76.48
983,2023-09-11,12.0273,75.63
984,2023-09-12,9.3377,73.37
985,2023-09-13,9.6558,73.63
986,2023-09-14,11.9521,75.57
987,2023-09-15,12.5917,76.11
988,2023-09-16,13.5947,76.95
989,2023-09-17,13.4727,76.85
990,2023-09-18,11.2373,74.97
991,2023-09-19,7.372,71.71
992,2023-09-20,9.1426,73.2
993,2023-09-21,9.513,73.51
994,2023-09-22,12.7684,76.26
995,2023-09-23,12.7087,76.21
996,2023-09-24,13.6232,76.98
997,2023-09-25,9.4053,73.42
998,2023-09-26,8.0436,72.28
999,2023-09-27,8.1553,72.37
1000,2023-09-28,9.4224,73.44
1001,2023-09-29,10.4757,74.32
1002,2023-09-30,14.4063,77.64
1003,2023-10-01,13.4944,76.87
1004,2023-10-02,8.9963,73.08
1005,2023-10-03,8.039,72.27
1006,2023-10-04,8.6763,72.81
1007,2023-10-05,9.8531,73.8
1008,2023-10-06,12.1706,75.75
1009,2023-10-07,12.9517,76.41
1010,2023-10-08,9.289,73.32
1011,2023-10-09,8.6308,72.77
1012,2023-10-10,7.3176,71.66
1013,2023-10-11,8.282,72.48
1014,2023-10-12,8.1835,72.39
1015,2023-10-13,11.7263,75.38
1016,2023-10-14,11.8771,75.5
1017,2023-10-15,12.6192,76.13
1018,2023-10-16,8.8124,72.92
1019,2023-10-17,6.2308,70.75
1020,2023-10-18,7.9575,72.2
1021,2023-10-19,10.6677,74.49
1022,2023-10-20,12.9984,76.45
1023,2023-10-21,9.2338,73.28
1024,2023-10-22,11.5005,75.19
1025,2023-10-23,8.0486,72.28
1026,2023-10-24,6.8633,71.28
1027,2023-10-25,9.4689,73.48
1028,2023-10-26,9.3864,73.41
1029,2023-10-27,11.5143,75.2
1030,2023-10-28,13.2027,76.62
1031,2023-10-29,11.5463,75.23
1032,2023-10-30,9.609,73.59
1033,2023-10-31,7.3695,71.71
1034,2023-11-01,6.6905,71.14
1035,2023-11-02,7.5706,71.88
1036,2023-11-03,9.6926,73.66
1037,2023-11-04,13.2283,76.64
1038,2023-11-05,11.1026,74.85
1039,2023-11-06,10.0937,74.0
1040,2023-11-07,8.1929,72.4
1041,2023-11-08,8.8826,72.98
1042,2023-11-09,9.127,73.19
1043,2023-11-10,10.8916,74.67
1044,2023-11-11,12.9521,76.41
1045,2023-11-12,12.5796,76.1
1046,2023-11-13,9.5292,73.53
1047,2023-11-14,8.3895,72.57
1048,2023-11-15,7.2617,71.62
1049,2023-11-16,9.3156,73.35
1050,2023-11-17,11.2131,74.95
1051,2023-11-18,13.861,77.18
1052,2023-11-19,11.6207,75.29
1053,2023-11-20,8.8526,72.96
1054,2023-11-21,6.9566,71.36
1055,2023-11-22,7.9254,72.18
1056,2023-11-23,8.8119,72.92
1057,2023-11-24,11.6615,75.32
1058,2023-11-25,11.9191,75.54
1059,2023-11-26,12.7445,76.24
1060,2023-11-27,7.9642,72.21
1061,2023-11-28,7.6565,71.95
1062,2023-11-29,10.1967,74.09
1063,2023-11-30,9.8641,73.81
1064,2023-12-01,11.4042,75.11
1065,2023-12-02,13.0928,76.53
1066,2023-12-03,12.0564,75.66
1067,2023-12-04,8.5681,72.72
1068,2023-12-05,7.1281,71.5
1069,2023-12-06,7.9319,72.18
1070,2023-12-07,10.5824,74.41
1071,2023-12-08,8.4915,72.65
1072,2023-12-09,11.8481,75.48
1073,2023-12-10,11.8386,75.47
1074,2023-12-11,10.0308,73.95
1075,2023-12-12,9.3137,73.35
1076,2023-12-13,6.7275,71.17
1077,2023-12-14,8.1839,72.39
1078,2023-12-15,11.9876,75.6
1079,2023-12-16,12.1552,75.74
1080,2023-12-17,11.162,74.9
1081,2023-12-18,8.1711,72.38
1082,2023-12-19,7.4131,71.74
1083,2023-12-20,6.6421,71.1
1084,2023-12-21,9.1611,73.22
1085,2023-12-22,9.891,73.83
1086,2023-12-23,11.9293,75.55
1087,2023-12-24,8.9762,73.06
1088,2023-12-25,7.2396,71.6
1089,2023-12-26,6.4402,70.93
1090,2023-12-27,10.3744,74.24
1091,2023-12-28,7.7316,72.01
1092,2023-12-29,10.3053,74.18
1093,2023-12-30,11.7771,75.42
1094,2023-12-31,11.25,74.98
